EdgeID,u,v,name,ref,highway,length_m,fdot_aadt,fdot_roadway,fdot_from,fdot_to,fdot_year,fdot_aadt_flag,fdot_k_factor_percent,fdot_k_factor_flag,fdot_d_factor_percent,fdot_d_factor_flag,match_distance_m,match_angle_difference_deg
1,1,2,,I 4,motorway,386.205,18500,75280172,I-4 WB,ANDERSON ST,2025,T,9.0,F,99.9,W,15.651490824053145,16.129622651059535
2,1,3,,,motorway_link,187.824,6100,75000409,N/A,SOUTH ST,2025,C,9.0,F,99.9,W,16.74695198644949,3.96821476845777
3,2,74,,,motorway_link,254.951,18500,75280172,I-4 WB,ANDERSON ST,2025,T,9.0,F,99.9,W,0.0,0.09690335582332921
4,2,71,,I 4,motorway,625.042,9900,75280174,SOUTH ST,I-4 WB,2025,T,8.0,F,99.9,W,0.0,13.789565179769326
5,3,91,,,motorway_link,448.986,6100,75000409,N/A,SOUTH ST,2025,C,9.0,F,99.9,W,0.0,7.364735594122109
6,4,5,North Hughey Avenue,FL 526,secondary,205.219,6100,75030101,HUGHEY AVE,WASHINGTON ST,2025,C,9.0,F,99.9,W,0.0,0.886199899624657
7,5,10,North Hughey Avenue,,tertiary,203.5,6100,75000409,N/A,SOUTH ST,2025,C,9.0,F,99.9,W,0.0,1.7597293203885869
8,5,29,West Washington Street,FL 526,secondary,108.62,4000,75030000,US-441/ORNGEBLSM TRL,SR526/GARLAND AVE,2025,F,9.0,F,53.5,F,0.761335232245283,0.3296880617029103
9,5,66,West Washington Street,FL 526,secondary,178.837,4000,75030000,US-441/ORNGEBLSM TRL,SR526/GARLAND AVE,2025,F,9.0,F,53.5,F,0.3187170703328751,0.023491702773441148
10,6,7,West South Street,,secondary,20.922,11900,75000148,S ORANGE AVE,DIVISION AVE,2025,S,9.0,F,53.5,F,1.8731451038397284,9.388724928222246
11,6,8,West South Street,,secondary,13.406,11900,75000148,S ORANGE AVE,DIVISION AVE,2025,S,9.0,F,53.5,F,1.8731451038397284,4.006624399149445
12,6,9,South Garland Avenue,,tertiary,50.851,8100,75000408,SOUTH ST,N/A,2025,C,9.0,F,99.9,W,1.9025309468987759,4.243043348119713
13,7,41,West South Street,,secondary,102.74,11900,75000148,S ORANGE AVE,DIVISION AVE,2025,S,9.0,F,53.5,F,0.0,2.8034868504472756
14,8,6,West South Street,,secondary,13.406,11900,75000148,S ORANGE AVE,DIVISION AVE,2025,S,9.0,F,53.5,F,1.8731451038397284,4.006624399149444
15,8,92,West South Street,,secondary,77.554,11900,75000148,S ORANGE AVE,DIVISION AVE,2025,S,9.0,F,53.5,F,3.7523928238856032,2.3162691053589413
16,9,16,South Garland Avenue,,tertiary,160.632,8100,75000408,SOUTH ST,N/A,2025,C,9.0,F,99.9,W,0.0,6.967745980000643
17,10,11,Hughey Avenue,,tertiary,84.465,6100,75000409,N/A,SOUTH ST,2025,C,9.0,F,99.9,W,1.265024703471916,1.4651798967538383
18,10,12,West Central Boulevard,,tertiary,204.036,1850,75000098,TAMPA AVE,SUMMERLIN AVE,2025,F,9.0,F,53.5,F,0.0,0.5563055150734648
19,10,13,West Central Boulevard,,tertiary,109.169,1850,75000098,TAMPA AVE,SUMMERLIN AVE,2025,F,9.0,F,53.5,F,0.9627170055192618,0.7001716670358178
20,11,31,West Pine Street,,unclassified,112.694,,,,,,,,,,,,
21,11,14,Hughey Avenue,,tertiary,119.103,6100,75000409,N/A,SOUTH ST,2025,C,9.0,F,99.9,W,0.6966682740090988,2.781170975128944
22,12,10,West Central Boulevard,,tertiary,204.036,1850,75000098,TAMPA AVE,SUMMERLIN AVE,2025,F,9.0,F,53.5,F,0.0,0.5563055150734477
23,13,29,North Garland Avenue,,tertiary,203.579,8100,75000408,SOUTH ST,N/A,2025,C,9.0,F,99.9,W,0.08235336447299092,2.987572108626182
24,13,10,West Central Boulevard,,tertiary,109.169,1850,75000098,TAMPA AVE,SUMMERLIN AVE,2025,F,9.0,F,53.5,F,0.9627170055192618,0.7001716670358178
25,13,30,West Central Boulevard,,tertiary,266.716,1850,75000098,TAMPA AVE,SUMMERLIN AVE,2025,F,9.0,F,53.5,F,0.0,1.8348606629359216
26,14,15,West Church Street,,tertiary,203.871,5300,75000038,TAMPA AVE,ORANGE AVE,2025,S,9.0,F,53.5,F,0.9049585306759842,0.23482769207049575
27,14,16,West Church Street,,tertiary,112.126,5300,75000038,TAMPA AVE,ORANGE AVE,2025,S,9.0,F,53.5,F,0.0,3.414991722552762
28,14,17,South Hughey Avenue,,tertiary,208.311,6100,75000409,N/A,SOUTH ST,2025,C,9.0,F,99.9,W,0.0,3.9010161736854627
29,15,14,West Church Street,,tertiary,203.871,5300,75000038,TAMPA AVE,ORANGE AVE,2025,S,9.0,F,53.5,F,0.9049585306759842,0.23482769207050175
30,16,31,South Garland Avenue,,tertiary,112.631,8100,75000408,SOUTH ST,N/A,2025,C,9.0,F,99.9,W,0.9600729153992478,2.9728711395927263
31,16,33,West Church Street,,unclassified,93.053,5300,75000038,TAMPA AVE,ORANGE AVE,2025,S,9.0,F,53.5,F,0.0,3.328105619645762
32,16,14,West Church Street,,tertiary,112.126,5300,75000038,TAMPA AVE,ORANGE AVE,2025,S,9.0,F,53.5,F,0.0,3.4149917225527413
33,17,71,,,motorway_link,451.416,18500,75280172,I-4 WB,ANDERSON ST,2025,T,9.0,F,99.9,W,0.0,1.2377739896608801
34,17,72,West South Street,,secondary,179.39,11900,75000148,S ORANGE AVE,DIVISION AVE,2025,S,9.0,F,53.5,F,0.0,0.33451931885875297
35,17,73,West South Street,,secondary,63.874,11900,75000148,S ORANGE AVE,DIVISION AVE,2025,S,9.0,F,53.5,F,1.2153274431545833,0.34555990974635287
36,18,19,East Jefferson Street,,residential,158.013,,,,,,,,,,,,
37,18,20,East Jefferson Street,,residential,67.51,,,,,,,,,,,,
38,18,21,North Magnolia Avenue,,residential,117.365,10400,75040000,ANDERSON ST,ROSALIND AVE,2025,C,9.0,F,53.5,F,3.2262786435580755,3.2004401714617217
39,19,18,East Jefferson Street,,residential,158.013,,,,,,,,,,,,
40,19,44,North Orange Avenue,FL 527,primary,118.586,9300,75040102,LEGION PL,ORANGE AVE,2025,F,9.0,F,99.9,W,0.0,3.784306823264771
41,19,45,West Jefferson Street,,residential,189.142,,,,,,,,,,,,
42,20,35,Palmetto Avenue,,residential,291.832,,,,,,,,,,,,
43,20,18,East Jefferson Street,,residential,67.51,,,,,,,,,,,,
44,20,23,Palmetto Avenue,,residential,113.899,,,,,,,,,,,,
45,22,18,North Magnolia Avenue,,residential,114.837,10400,75040000,ANDERSON ST,ROSALIND AVE,2025,C,9.0,F,53.5,F,3.7271217340985565,3.9696458522809905
46,22,23,East Washington Street,,tertiary,67.99,3700,75000407,N GARLAND AVE,N ROSALIND AVE,2025,F,9.0,F,53.5,F,0.0,4.219914263772239
47,22,24,East Washington Street,,tertiary,84.246,3700,75000407,N GARLAND AVE,N ROSALIND AVE,2025,F,9.0,F,53.5,F,0.0,4.349328119587483
48,23,34,East Washington Street,,tertiary,81.257,3700,75000407,N GARLAND AVE,N ROSALIND AVE,2025,F,9.0,F,53.5,F,0.0,3.5326742208696658
49,23,22,East Washington Street,,tertiary,67.99,3700,75000407,N GARLAND AVE,N ROSALIND AVE,2025,F,9.0,F,53.5,F,0.0,4.2199142637722105
50,24,22,East Washington Street,,tertiary,84.246,3700,75000407,N GARLAND AVE,N ROSALIND AVE,2025,F,9.0,F,53.5,F,0.0,4.349328119587511
51,24,44,East Washington Street,,tertiary,74.244,3700,75000407,N GARLAND AVE,N ROSALIND AVE,2025,F,9.0,F,53.5,F,1.1251474497193288,3.585212709627797
52,25,26,East Central Boulevard; Central Boulevard,,tertiary,59.982,1850,75000098,TAMPA AVE,SUMMERLIN AVE,2025,F,9.0,F,53.5,F,0.5196082491197338,0.7828548235929453
53,25,27,North Magnolia Avenue,,residential,81.022,10400,75040000,ANDERSON ST,ROSALIND AVE,2025,C,9.0,F,53.5,F,5.270124124976659,4.011115007565266
54,25,28,East Central Boulevard,,tertiary,149.011,1850,75000098,TAMPA AVE,SUMMERLIN AVE,2025,F,9.0,F,53.5,F,0.11173196654340804,0.7830161923130103
55,26,25,East Central Boulevard; Central Boulevard,,tertiary,59.982,1850,75000098,TAMPA AVE,SUMMERLIN AVE,2025,F,9.0,F,53.5,F,0.5196082491197338,0.7828548235929551
56,26,58,East Central Boulevard,,tertiary,25.843,1850,75000098,TAMPA AVE,SUMMERLIN AVE,2025,F,9.0,F,53.5,F,0.32918693002366084,0.7688178081614048
57,26,37,Court Avenue,,residential,91.662,,,,,,,,,,,,
58,27,22,North Magnolia Avenue,,residential,78.431,10400,75040000,ANDERSON ST,ROSALIND AVE,2025,C,9.0,F,53.5,F,5.0213845059262505,3.620714253170661
59,28,25,East Central Boulevard,,tertiary,149.011,1850,75000098,TAMPA AVE,SUMMERLIN AVE,2025,F,9.0,F,53.5,F,0.11173196654340804,0.7830161923130028
60,29,60,North Garland Avenue,FL 526,secondary,103.087,8100,75030000,SR526/GARLAND AVE,GARLAND AVE,2025,C,9.0,F,99.9,W,0.36413035565227825,0.6979103332643604
61,29,46,West Washington Street,,tertiary,82.799,3700,75000407,N GARLAND AVE,N ROSALIND AVE,2025,F,9.0,F,53.5,F,0.0,1.1871780478003302
62,29,5,West Washington Street,,tertiary,108.411,4000,75030000,US-441/ORNGEBLSM TRL,SR526/GARLAND AVE,2025,F,9.0,F,53.5,F,0.0,0.3296880617029103
63,30,13,West Central Boulevard,,tertiary,266.716,1850,75000098,TAMPA AVE,SUMMERLIN AVE,2025,F,9.0,F,53.5,F,0.0,1.8348606629359132
64,30,58,East Central Boulevard,,tertiary,73.465,1850,75000098,TAMPA AVE,SUMMERLIN AVE,2025,F,9.0,F,53.5,F,0.0,0.7787392485398548
65,30,32,South Orange Avenue,FL 527,primary,90.159,9300,75040102,LEGION PL,ORANGE AVE,2025,F,9.0,F,99.9,W,0.0,3.3666291822909074
66,31,11,West Pine Street,,unclassified,112.694,,,,,,,,,,,,
67,31,13,South Garland Avenue,,tertiary,82.831,8100,75000408,SOUTH ST,N/A,2025,C,9.0,F,99.9,W,0.0,1.4850809178364273
68,31,32,West Pine Street,,unclassified,264.012,,,,,,,,,,,,
69,32,36,South Orange Avenue,FL 527,primary,105.445,9300,75040102,LEGION PL,ORANGE AVE,2025,F,9.0,F,99.9,W,0.4189634771404371,4.066712742259099
70,32,31,West Pine Street,,unclassified,264.012,,,,,,,,,,,,
71,33,65,West Church Street,,unclassified,37.885,5300,75000038,TAMPA AVE,ORANGE AVE,2025,S,9.0,F,53.5,F,0.0,7.375395795185625
72,33,16,West Church Street,,unclassified,93.053,5300,75000038,TAMPA AVE,ORANGE AVE,2025,S,9.0,F,53.5,F,0.0,3.3281056196457537
73,34,23,East Washington Street,,tertiary,81.257,3700,75000407,N GARLAND AVE,N ROSALIND AVE,2025,F,9.0,F,53.5,F,0.0,3.5326742208696658
74,35,20,Palmetto Avenue,,residential,291.832,,,,,,,,,,,,
75,36,38,East Church Street,,residential,99.042,5300,75000038,TAMPA AVE,ORANGE AVE,2025,S,9.0,F,53.5,F,0.36256095033573665,0.12013419279913345
76,36,56,South Orange Avenue,FL 527,primary,148.552,9300,75040102,LEGION PL,ORANGE AVE,2025,F,9.0,F,99.9,W,0.0,4.533847038517678
77,36,57,West Church Street,,unclassified,110.512,5300,75000038,TAMPA AVE,ORANGE AVE,2025,S,9.0,F,53.5,F,0.3447114813189806,0.34498056624408907
78,37,38,Court Avenue,,residential,105.417,,,,,,,,,,,,
79,37,26,Court Avenue,,residential,91.662,,,,,,,,,,,,
80,37,32,East Pine Street,,residential,99.033,,,,,,,,,,,,
81,38,48,East Church Street,,residential,59.846,2650,75000038,ORANGE AVE,N/A,2025,S,9.0,F,99.9,F,1.2914413979362778,0.6988404830397315
82,38,37,Court Avenue,,residential,105.417,,,,,,,,,,,,
83,39,37,East Pine Street,,residential,59.287,,,,,,,,,,,,
84,39,25,South Magnolia Avenue,,residential,92.519,10400,75040000,ANDERSON ST,ROSALIND AVE,2025,C,9.0,F,53.5,F,4.338377257510054,3.5106634067225286
85,40,39,East Pine Street,,residential,149.152,,,,,,,,,,,,
86,41,42,Boone Avenue,,tertiary,188.408,4900,75000412,ANDERSON ST,SOUTH ST,2025,F,9.0,F,53.5,F,0.0,0.6456145018628519
87,41,43,West South Street,,secondary,60.338,11900,75000148,S ORANGE AVE,DIVISION AVE,2025,S,9.0,F,53.5,F,1.5435360985038653,1.1143870229566346
88,41,6,West South Street,,secondary,123.927,11900,75000148,S ORANGE AVE,DIVISION AVE,2025,S,9.0,F,53.5,F,0.0,0.739585849005465
89,42,41,Boone Avenue,,tertiary,188.408,4900,75000412,ANDERSON ST,SOUTH ST,2025,F,9.0,F,53.5,F,0.0,0.6456145018628376
90,43,41,West South Street,,secondary,60.338,11900,75000148,S ORANGE AVE,DIVISION AVE,2025,S,9.0,F,53.5,F,1.5435360985038653,1.1143870229566346
91,43,54,West South Street,,secondary,57.553,11900,75000148,S ORANGE AVE,DIVISION AVE,2025,S,9.0,F,53.5,F,1.1898964555639213,2.519324023833775
92,43,55,,,primary_link,65.767,11900,75000148,S ORANGE AVE,DIVISION AVE,2025,S,9.0,F,53.5,F,0.0,12.648706161962451
93,44,24,East Washington Street,,tertiary,74.244,3700,75000407,N GARLAND AVE,N ROSALIND AVE,2025,F,9.0,F,53.5,F,1.1251474497193288,3.585212709627797
94,44,30,North Orange Avenue,FL 527,primary,159.576,9300,75040102,LEGION PL,ORANGE AVE,2025,F,9.0,F,99.9,W,0.0,3.9825777156668067
95,44,46,West Washington Street,,tertiary,195.252,3700,75000407,N GARLAND AVE,N ROSALIND AVE,2025,F,9.0,F,53.5,F,0.0,6.60871818039729
96,45,46,Gertrude Avenue,,unclassified,100.024,,,,,,,,,,,,
97,45,60,West Jefferson Street; Jefferson Street,,residential,82.918,,,,,,,,,,,,
98,45,19,West Jefferson Street,,residential,189.142,,,,,,,,,,,,
99,46,45,Gertrude Avenue,,unclassified,100.024,,,,,,,,,,,,
100,46,29,West Washington Street,,tertiary,82.799,3700,75000407,N GARLAND AVE,N ROSALIND AVE,2025,F,9.0,F,53.5,F,0.0,1.1871780478003586
101,46,44,West Washington Street,,tertiary,195.252,3700,75000407,N GARLAND AVE,N ROSALIND AVE,2025,F,9.0,F,53.5,F,0.0,6.60871818039729
102,47,19,North Orange Avenue,FL 527,primary,117.441,9300,75040102,LEGION PL,ORANGE AVE,2025,F,9.0,F,99.9,W,0.0,3.6574514931736815
103,48,39,South Magnolia Avenue,,residential,105.178,10400,75040000,ANDERSON ST,ROSALIND AVE,2025,C,9.0,F,53.5,F,4.064888519096804,3.6867569906332136
104,48,49,East Church Street,,residential,67.609,5300,75000038,N/A,S SUMMERLIN AVE,2025,S,9.0,F,53.5,F,1.2461844070434238,0.2537527573818532
105,49,75,East Church Street,,residential,81.501,5300,75000038,N/A,S SUMMERLIN AVE,2025,S,9.0,F,53.5,F,0.2834029776083471,0.6732205616850127
106,50,51,South Magnolia Avenue,,residential,70.776,10400,75040000,ANDERSON ST,ROSALIND AVE,2025,C,9.0,F,53.5,F,0.0,1.452722737550019
107,50,52,South Magnolia Avenue,,residential,142.871,10400,75040000,ANDERSON ST,ROSALIND AVE,2025,C,9.0,F,53.5,F,2.2120815937933975,1.2286971777824789
108,50,53,East South Street; South Street,,secondary,38.58,11000,75080000,MILLS AVE,ORANGE AVE,2025,S,9.0,F,99.9,W,1.0218917428731236,0.14083696572464532
109,51,50,South Magnolia Avenue,,residential,70.776,10400,75040000,ANDERSON ST,ROSALIND AVE,2025,C,9.0,F,53.5,F,0.0,1.452722737550019
110,51,63,East Jackson Street,,residential,68.139,,,,,,,,,,,,
111,51,56,East Jackson Street,,residential,158.987,,,,,,,,,,,,
112,51,48,South Magnolia Avenue,,residential,147.58,10400,75040000,ANDERSON ST,ROSALIND AVE,2025,C,9.0,F,53.5,F,1.1139394008858372,3.0133082057723186
113,52,50,South Magnolia Avenue,,residential,142.871,10400,75040000,ANDERSON ST,ROSALIND AVE,2025,C,9.0,F,53.5,F,2.2120815937933975,1.228697177782493
114,53,54,East South Street; South Street,,secondary,111.696,11000,75080000,MILLS AVE,ORANGE AVE,2025,S,9.0,F,99.9,W,1.6687789368226191,0.1271997228266457
115,53,82,,,primary_link,111.508,11000,75080000,MILLS AVE,ORANGE AVE,2025,S,9.0,F,99.9,W,0.0,14.356655952300997
116,54,43,West South Street,,secondary,57.553,11900,75000148,S ORANGE AVE,DIVISION AVE,2025,S,9.0,F,53.5,F,1.1898964555639213,2.519324023833775
117,54,55,South Orange Avenue,FL 527,primary,12.951,9300,75040102,LEGION PL,ORANGE AVE,2025,F,9.0,F,99.9,W,1.0610535877517104,21.690974722049475
118,55,82,South Orange Avenue,FL 527,primary,15.14,9300,75040102,LEGION PL,ORANGE AVE,2025,F,9.0,F,99.9,W,1.2805943061354168,21.58410655621128
119,56,51,East Jackson Street,,residential,158.987,,,,,,,,,,,,
120,56,54,South Orange Avenue,FL 527,primary,71.35,9300,75040102,LEGION PL,ORANGE AVE,2025,F,9.0,F,99.9,W,0.0,1.0510777325729634
121,57,36,West Church Street,,unclassified,110.512,5300,75000038,TAMPA AVE,ORANGE AVE,2025,S,9.0,F,53.5,F,0.34471148131898066,0.34498056624407764
122,57,84,West Church Street,,unclassified,13.93,,,,,,,,,,,,
123,58,24,Court Avenue,,residential,158.957,,,,,,,,,,,,
124,58,26,East Central Boulevard,,tertiary,25.843,1850,75000098,TAMPA AVE,SUMMERLIN AVE,2025,F,9.0,F,53.5,F,0.32918693002366084,0.768817808161425
125,58,30,East Central Boulevard,,tertiary,73.465,1850,75000098,TAMPA AVE,SUMMERLIN AVE,2025,F,9.0,F,53.5,F,0.0,0.7787392485398676
126,59,27,Wall Street,,residential,149.25,,,,,,,,,,,,
127,60,45,West Jefferson Street; Jefferson Street,,residential,82.918,,,,,,,,,,,,
128,60,61,North Garland Avenue,FL 526,secondary,60.539,8100,75030000,SR526/GARLAND AVE,GARLAND AVE,2025,C,9.0,F,99.9,W,0.36047728223981707,3.346491244122788
129,62,63,East Jackson Street,,residential,83.191,,,,,,,,,,,,
130,63,76,Edington Way,,residential,39.074,,,,,,,,,,,,
131,63,62,East Jackson Street,,residential,83.191,,,,,,,,,,,,
132,63,51,East Jackson Street,,residential,68.139,,,,,,,,,,,,
133,64,33,West Church Street,,unclassified,38.565,5300,75000038,TAMPA AVE,ORANGE AVE,2025,S,9.0,F,53.5,F,0.37145450956971754,9.08132312481547
134,64,65,,,unclassified,11.651,,,,,,,,,,,,
135,65,85,West Church Street,,unclassified,10.118,5300,75000038,TAMPA AVE,ORANGE AVE,2025,S,9.0,F,53.5,F,5.71319288841544,3.035878996070782
136,66,5,West Washington Street,FL 526,secondary,178.837,4000,75030000,US-441/ORNGEBLSM TRL,SR526/GARLAND AVE,2025,F,9.0,F,53.5,F,0.3187170703328751,0.023491702773441148
137,67,50,East South Street,,secondary,155.312,11000,75080000,MILLS AVE,ORANGE AVE,2025,S,9.0,F,99.9,W,0.0,0.30165405687350244
138,68,1,,I 4,motorway,252.716,6100,75030101,HUGHEY AVE,WASHINGTON ST,2025,C,9.0,F,99.9,W,21.44519814652564,4.436215951503925
139,69,70,,,motorway_link,239.265,6500,75280173,ANDERSON ST,I-4 EB,2025,T,8.0,F,99.9,W,0.0,1.523618232594373
140,70,78,,I 4,motorway,114.704,140500,75280000,N/A,Bridge No-750066,2025,C,8.0,F,53.8,F,2.4712974641888343,7.737474044750456
141,72,17,West South Street,,secondary,179.39,11900,75000148,S ORANGE AVE,DIVISION AVE,2025,S,9.0,F,53.5,F,0.0,0.3345193188587535
142,73,92,West South Street,,secondary,6.34,11900,75000148,S ORANGE AVE,DIVISION AVE,2025,S,9.0,F,53.5,F,8.635971689546613,0.2623059417073824
143,73,17,West South Street,,secondary,63.874,11900,75000148,S ORANGE AVE,DIVISION AVE,2025,S,9.0,F,53.5,F,1.2153274431545833,0.3455599097463562
144,73,89,,,motorway_link,411.28,9000,75280902,Bridge No-750932,N/A,2025,F,9.0,F,99.9,W,0.0,1.8378688640305825
145,76,63,Edington Way,,residential,39.074,,,,,,,,,,,,
146,76,49,Edington Way,,residential,109.53,,,,,,,,,,,,
147,77,78,,,motorway_link,682.781,,,,,,,,,,,,
148,78,86,,I 4,motorway,632.184,140500,75280000,N/A,Bridge No-750066,2025,C,8.0,F,53.8,F,0.0,12.154475114251213
149,79,6,,,motorway_link,157.264,8400,75280175,I-4 EB,SOUTH ST,2025,T,8.0,F,99.9,W,0.0,14.97420928097064
150,79,7,,,motorway_link,164.485,8400,75280175,I-4 EB,SOUTH ST,2025,T,8.0,F,99.9,W,0.0,7.327127982296133
151,79,8,,,motorway_link,159.262,8400,75280175,I-4 EB,SOUTH ST,2025,T,8.0,F,99.9,W,0.48052235318068676,19.852732460612543
152,80,81,,,motorway_link,370.216,12500,75280901,N/A,Bridge No-750933,2025,F,9.0,F,99.9,W,0.0,5.792295585728141
153,81,90,I-4 Express,I 4 Express,motorway,679.153,12500,75280901,N/A,Bridge No-750933,2025,F,9.0,F,99.9,W,0.0,18.861618516206576
154,82,83,South Orange Avenue,FL 527,primary,124.987,9300,75040102,LEGION PL,ORANGE AVE,2025,F,9.0,F,99.9,W,0.0,2.94351824290581
155,84,64,West Church Street,,unclassified,8.962,5300,75000038,TAMPA AVE,ORANGE AVE,2025,S,9.0,F,53.5,F,4.328141616965053,1.693276169120054
156,85,84,,,unclassified,10.573,,,,,,,,,,,,
157,85,57,West Church Street,,unclassified,14.1,,,,,,,,,,,,
158,87,3,,,motorway_link,441.753,9000,75280902,Bridge No-750932,N/A,2025,F,9.0,F,99.9,W,1.0170993917279019,13.862617201633654
159,87,88,I-4 Express,I 4 Express,motorway,412.436,9000,75280902,Bridge No-750932,N/A,2025,F,9.0,F,99.9,W,0.0,19.451088615590123
160,88,17,,,motorway_link,440.96,18500,75280172,I-4 WB,ANDERSON ST,2025,T,9.0,F,99.9,W,0.0,5.182154498535553
161,88,89,I-4 Express,I 4 Express,motorway,796.358,9000,75280902,Bridge No-750932,N/A,2025,F,9.0,F,99.9,W,0.0,6.418237185101162
162,92,73,West South Street,,secondary,6.34,11900,75000148,S ORANGE AVE,DIVISION AVE,2025,S,9.0,F,53.5,F,8.635971689546613,0.26230594170738186
163,92,8,West South Street,,secondary,77.554,11900,75000148,S ORANGE AVE,DIVISION AVE,2025,S,9.0,F,53.5,F,3.7523928238856032,2.316269105358959
164,92,9,,,motorway_link,117.988,,,,,,,,,,,,
165,93,70,,I 4,motorway,415.114,140500,75280000,N/A,Bridge No-750066,2025,C,8.0,F,53.8,F,0.0,4.7888425642440495
166,94,92,,,motorway_link,98.615,12500,75280901,N/A,Bridge No-750933,2025,F,9.0,F,99.9,W,18.155041841048725,3.939291004116697
167,95,81,I-4 Express,I 4 Express,motorway,765.743,12500,75280901,N/A,Bridge No-750933,2025,F,9.0,F,99.9,W,0.0,1.5738802641402145
